citation,version_id,prev,next,context
N.D.C.C. § 10-01.1-02,191,of,d,or relationship that is not a partnership by reason of section d. A decedent's estate; or e. A government or g
N.D.C.C. § 10-04-06,213,of,securities,ce of this exemption will not result in a violation of section securities unless such subsequent offers and sa
N.D.C.C. § 10-06.1-09,251,of,who,in the degrees of kinship specified in subsection 2 of section who farms or ranches the land as a sole proprie
N.D.C.C. § 10-06.1-22,269,and,, with the secretary of state by section 10-06.1-17 and section
N.D.C.C. § 10-15-08.1,301,under,within,nvoluntarily dissolved by the secretary of state under section within the time provided in section 10-15-53.3 
N.D.C.C. § 10-15-08.1,301,under,within,nvoluntarily dissolved by the secretary of state under section within the time provided in section 10-15-53.3 
N.D.C.C. § 10-15-52.5,354,of,application,"nds that the application conforms to the provisions of section application the word ""filed"", and the month, da"
N.D.C.C. § 10-19.1-01,373,with,, of shares held by each shareholder in accordance with section
N.D.C.C. § 10-19.1-18,394,of,have,"tate. If a statement filed pursuant to subsection 4 of section have the status of authorized but unissued, und"
N.D.C.C. § 10-19.1-31,407,to,,"f the incorporators, or by the first board pursuant to section"
N.D.C.C. § 10-19.1-61,438,under,series,"resolution approved by the directors as required under section series, and fixing the relative rights and pref"
N.D.C.C. § 10-19.1-70,448,of,securities,certificated shares in accordance with subsection 6 of section securities or a successor or transferee of the 
N.D.C.C. § 10-19.1-75.2,460,of,,may be given in the manner provided in subsection 4 of section
N.D.C.C. § 10-19.1-76.2,464,to,been,"ate, in a meeting by remote communication according to section been entitled to participate by remote communic"
N.D.C.C. § 10-19.1-76.2,464,to,c,"ed to participate by remote communication according to section c. A copy, facsimile telecommunication, or othe"
N.D.C.C. § 10-19.1-82,471,of,regarding,greement. The agreement may override the provisions of section regarding voting trusts.
N.D.C.C. § 10-19.1-92,481,under,met,"d, reasonable in the circumstances. No liability under section met. 3. With respect to the effect of a distrib"
N.D.C.C. § 10-19.1-100,489,by,governing, by the present directors of the parent as required by section governing body of the parent as required by its
N.D.C.C. § 10-19.1-104.6,501,of,conversion,ective when the filing requirements of subsection 2 of section conversion. 2. With respect to the effect of co
N.D.C.C. § 10-19.1-108,505,with,corporate, revoke the dissolution proceedings in accordance with section corporate existence continues to the extent nec
N.D.C.C. § 10-19.1-135,534,in,duly,must be accompanied by payment of the fees provided in section duly authenticated by the incorporating officer
N.D.C.C. § 10-19.1-146,546,in,apply,"f state for correction, then the penalties provided in section apply. 5. Three months after the date provided "
N.D.C.C. § 10-32.1-11,633,in,b,"ny"" or the abbreviations of these words as provided in subsection b; d. May not contain a word or phrase that "
N.D.C.C. § 10-32.1-11,633,of,limited,filing as provided in subdivision b of subsection 2 of section Limited liability company name. (Contingent eff
N.D.C.C. § 10-32.1-11,633,in,b,"ny"" or the abbreviations of these words as provided in subsection b; d. May not contain a word or phrase indic"
N.D.C.C. § 10-32.1-11,633,of,,filing as provided in subdivision b of subsection 2 of section
N.D.C.C. § 10-32.1-13,635,under,surviving,"o approve a merger, conversion, or domestication under section surviving, converted, or domesticated organizat"
N.D.C.C. § 10-32.1-35,658,under,action,"se provided in subsection 2, a derivative action under section action is commenced and remains a member while "
N.D.C.C. § 10-33-26,754,to,,of the incorporators or by the first board pursuant to section
N.D.C.C. § 10-33-68,796,under,a,y voting member as of the record date determined under section  a. The meeting is an adjourned meeting and the
N.D.C.C. § 10-33-75,804,of,,may be given in the manner provided in subsection 5 of section
N.D.C.C. § 10-33-108,837,of,attorney,g involving a corporation described in subsection 1 of section attorney general. In all proceedings under this
N.D.C.C. § 10-33-115,844,of,shows,r subsection 4 of section 10-33-101 or subsection 1 of section shows good cause for not having previously file
N.D.C.C. § 10-35-05,897,by,,at a provision of the articles or bylaws authorized by section
N.D.C.C. § 11-01-04,938,in,thirty-one,"ndard parallel with the meander line of Devils Lake in section thirty-one, township one hundred fifty-three no"
N.D.C.C. § 11-01-14,948,of,twenty-five,"-three and ninety-four west to the northeast corner of section twenty-five, township one hundred forty-one nor"
N.D.C.C. § 11-01-14,948,of,twenty-four,"the tenth standard parallel to the southeast corner of section twenty-four, township one hundred forty-one nor"
N.D.C.C. § 11-01-46,980,of,twenty-five," ninety and ninety-one west to the northeast corner of section twenty-five, township one hundred forty-one nor"
N.D.C.C. § 11-09.2-02,1117,under,,"s and restaurant sales, and county lodging taxes under section"
N.D.C.C. § 11-19.1-11,1455,in,, or video or audio recording subject to limitations in section
N.D.C.C. § 11-28.1-12,1556,in,reasons,y assessment who has appealed therefrom as provided in section reasons why the action of the commission should
N.D.C.C. § 11-28.2-04,1564,under,by,ided by a recreation service district other than under section by the special assessment and present and votin
N.D.C.C. § 11-28.3-03,1573,in,," district, which levy may not exceed the limitation in section"
N.D.C.C. § 11-28.3-10,1580,by,,s the current annual maximum tax levy as authorized by section
N.D.C.C. § 11-28-06,1594,in,construction,"mmissioners and may levy taxes annually as provided in section construction, equipping, and maintaining struct"
N.D.C.C. § 11-28-11,1599,or,hereof,"onstitutions. Should any word, sentence, paragraph, or section hereof be held to be unconstitutional, or shoul"
N.D.C.C. § 11-33-02,1657,to,likewise," resolution all or any parts of the county, subject to section likewise may enact suitable regulations to carr"
N.D.C.C. § 11-38-01,1683,of,, tax of up to two mills as provided in subsection 2 of section
N.D.C.C. § 12-48.1-02,1824,under,outside,as the result of conviction of a class AA felony under section outside facilities under the control of the dep
N.D.C.C. § 12-60-16.4,1926,of,,emeanor violations of subdivision c of subsection 5 of section
N.D.C.C. § 12-63-07,1966,of,board,isfying the requirements of subsections 1 through 5 of section board prescribes and be accompanied by the fee 
N.D.C.C. § 12-63-12,1971,to,a,"al information provided to the board is not subject to section a denial of an application, the applicant may n"
N.D.C.C. § 12.1-06.1-05,2067,of,e,y a pattern of racketeering activity or a violation of section e. Ordering the payment of all costs and expens
N.D.C.C. § 12.1-06.1-05,2067,of,b,"est acquired or maintained by a person in violation of section b. Any interest in, security of, claims against"
N.D.C.C. § 12.1-06.1-06,2068,under,,"achment, garnishment, or other remedy authorized under section"
N.D.C.C. § 12.1-06-01,2075,under,guilty,"pt if the conduct would establish his complicity under section guilty of committing or attempting the crime, f"
N.D.C.C. § 12.1-21.1-04,2218,of,, class C felony. A person who violates subsection 6 of section
N.D.C.C. § 12.1-21-06,2226,under,under,has pled guilty or been convicted of a violation under section under subsection 1 must be assessed a fine equi
N.D.C.C. § 12.1-23-08,2250,of,," thousand dollars, as determined under subsection 7 of section"
N.D.C.C. § 12.1-32-06.1,2349,of,defendant,ty of a class AA felony sexual offense in violation of section defendant. If the defendant has pled or been fo
N.D.C.C. § 12.1-32-09.1,2357,of,have,"s section, an offender sentenced under subsection 1 of section have been met. 4. An offender who is convicted "
N.D.C.C. § 12.1-32-15,2364,under,,ntralized database of DNA identification records under section
N.D.C.C. § 12.1-32-16,2366,of,,"ourt, as specified in subdivision e of subsection 4 of section"
N.D.C.C. § 12.1-36.1-04,2394,of,years,"ns of section 29-04-02, prosecution for a violation of section years after the offense is reported to law enfo"
N.D.C.C. § 12.1-37-01,2396,under,,"under this chapter, a copy of a record certified under section"
N.D.C.C. § 12.1-41-14,2418,of,motion,f prostitution or an offense listed in subsection 1 of section motion to the court to vacate the conviction an
N.D.C.C. § 13-01.2-04,2435,of,fewer,"vision b of subsection 6, and subsections 10 and 11 of section fewer than five thousand consumers."
N.D.C.C. § 13-02.1-08,2459,of,value,is not voidable under subdivision a of subsection 1 of section value given the debtor or against any subsequen
N.D.C.C. § 13-04.1-02.1,2468,in,estate,"er, broker, or a real estate salesperson as defined in section estate sold by the real estate broker, broker, "
N.D.C.C. § 13-09.1-35,2580,under,state,rcent of the surety bond or deposit provided for under section state. 2. Unless permitted by the commissioner 
N.D.C.C. § 13-10-09,2608,of,or,equirements of subdivisions a and c of subsection 1 of section or regulation of the commissioner.
N.D.C.C. § 13-12-04,2655,in,estate,"er, broker, or a real estate salesperson as defined in section estate sold by the real estate broker, broker, "
N.D.C.C. § 14-02.1-02,2708,in,alternatives,at the printed materials given to her and described in section alternatives to abortion; (3) That the father i
N.D.C.C. § 14-05-23,2899,in,,f the order is subject to the penalties established in section
N.D.C.C. § 14-06.1-12,2922,with,,addition to the evaluation required in accordance with section
N.D.C.C. § 14-07.7-03,2975,under,closed,n for a domestic violence protection order filed under section closed to the public. The court shall allow to 
N.D.C.C. § 14-09-09.3,3138,under,has, to the state disbursement unit for distribution under section has failed to withhold or deliver income for mo
N.D.C.C. § 14-12.2-04,3240,of,of,port order of another state unless the requirements of section of section 14-12.2-46.3 are met.
N.D.C.C. § 14-12.2-44,3288,of,,ered order may be modified only if the requirements of section
N.D.C.C. § 14-14.1-30,3348,under,law,"l award the fees, costs, and expenses authorized under section law enforcement officials, and set a further he"
N.D.C.C. § 14-15.1-01,3367,under,specific,"ive parent"" means the person or persons eligible under section specific child. 6. ""Relative"" means a brother, "
N.D.C.C. § 14-15.1-08,3374,to,,edings under this chapter are confidential pursuant to section
N.D.C.C. § 15-08-19.3,3689,of,lines," except: 1. Within thirty-three feet [10.06 meters] of section lines; 2. As allowed by the terms of a lease, p"
N.D.C.C. § 15-10-14.1,3753,to,,ducation shall submit the reports required pursuant to section
N.D.C.C. § 15-10-38.3,3796,of,,subsection 1 of section 15-10-38.1 and subsection 1 of section
N.D.C.C. § 15-20.2-13,4050,in,,s of the publication of the resolution provided for in section
N.D.C.C. § 15-39.1-12,4101,in,set,a vested right to a retirement annuity as set forth in section set forth in section 15-39.1-10 but the benefit
N.D.C.C. § 15-39.1-19.2,4112,of,,or elect to return to teaching under the provisions of section
N.D.C.C. § 15-39.1-24,4118,under,board," as amended, to purchase refunded service credit under section board shall adopt rules to ensure that the roll"
N.D.C.C. § 15.1-06-08.2,4312,under,failed,public instruction may revoke any waiver granted under section failed to perform in accordance with the agreed
N.D.C.C. § 15.1-06-19,4326,under,,the department of career and technical education under section
N.D.C.C. § 15.1-09.1-10,4396,of,to, superintendent under subdivision l of subsection 1 of section to the association in which the district partic
N.D.C.C. § 15.1-13-26,4544,of,overturned,"osition of sentence in accordance with subsection 4 of section overturned on appeal. b. ""Crime against a child"
N.D.C.C. § 15.1-21-02.6,4701,or,a,"ents of section 15.1-21-02.4, section 15.1-21-02.5, or section a. Graduates from a high school in this state; "
N.D.C.C. § 15.1-21-23,4732,of,, to be kindergarten instructional days for purposes of section
N.D.C.C. § 15.1-23-12,4755,by,must,ol district shall use the remediation plan required by section must remain in effect until such time as the ch
N.D.C.C. § 15.1-23-15,4758,under,progress,tion for a child with a developmental disability under section progress reports prepared by the services plan 
N.D.C.C. § 15.1-23-15,4758,under,,orts prepared by the services plan team selected under section
N.D.C.C. § 15.1-27-04.1,4789,to,district's,strict that becomes an elementary district pursuant to section district's baseline funding per weighted studen
N.D.C.C. § 15.1-29-01,4852,with,a, attend school in a bordering state in accordance with section a. (1) The student lives within forty miles [64
N.D.C.C. § 15.1-30-14,4883,under,under,d a reciprocal contract with the bordering state under section under section 15.1-29-02.
N.D.C.C. § 15.1-34-13,4942,of,department,he registration requirement under subsection 1 or 2 of section department.
N.D.C.C. § 15.1-36-08,4962,with,of,ousand dollars of taxable valuation in accordance with section of section 21-03-07; and (2) Post the informati
N.D.C.C. § 15.1-40-02,4981,under,performance,ered by the superintendent of public instruction under section performance agreement. 15. Is subject to the pu
N.D.C.C. § 16.1-01-07,5016,of,electorate,ons. The ballot form must conform to the provisions of section electorate of each county and to prepare sample
N.D.C.C. § 16.1-02-11,5042,of,may,dopt rules and procedures according to subsection 3 of section may: 1. Provide for the establishment and maint
N.D.C.C. § 16.1-07-08,5119,in,,re server that is used by covered voters as defined in section
N.D.C.C. § 16.1-07-12.1,5126,in,,ntee ballots must be opened and handled as required in section
N.D.C.C. § 16.1-07-15,5130,by,c," official of the board shall take the oath required by section c. The county auditor, with the consent of the "
N.D.C.C. § 16.1-07-31,5145,in,absentee,"uthentication, other than the declaration specified in section absentee ballot, is not required for execution "
N.D.C.C. § 16.1-08.1-02.4,5154,under,disclosure,itical committee not required to file statements under section disclosure statement that includes all contribu
N.D.C.C. § 16.1-08.1-03.5,5160,in,referred, an expenditure to a measure committee as described in section referred measure or petition or make an expendi
N.D.C.C. § 16.1-12-02.1,5254,in,applicant's,state of the certificate of nomination provided for in section applicant's name upon the general election ball
N.D.C.C. § 16.1-13-05,5269,with,,blication purposes must be arranged in accordance with section
N.D.C.C. § 16.1-13-08.1,5273,in,the,"on 16.1-11-10, and statements of interest described in section the state shall be filed with the secretary of "
N.D.C.C. § 16.1-15-17,5364,in,certification,a meeting of the state canvassing board as provided in section certification of the election results.
N.D.C.C. § 16.1-15-37,5384,in,,s and verify the computed final results as provided in section
N.D.C.C. § 18-01-25,5482,in,,s to whom notice of the order was given as provided in section
N.D.C.C. § 18-05-13,5537,by,,visions of this chapter must be audited as required by section
N.D.C.C. § 18-11-22,5615,to,,rovisions of this chapter must be examined pursuant to section
N.D.C.C. § 18-13-03,5649,with,set,n the certification has been tested in accordance with section set forth in subdivision c of subsection 1 of s
N.D.C.C. § 19-02.1-10,5687,of,which,be exempt from subdivisions a and b of subsection 5 of section which requires the name and address of the real
N.D.C.C. § 19-02.1-12,5690,of,with,"n 19-02.1-09 with respect to any food, subsection 1 of section with respect to any cosmetic, unless there is i"
N.D.C.C. § 19-02.1-15,5697,of,requirements,"by regulation, remove drugs subject to subsection 4 of section requirements are not necessary for the protecti"
N.D.C.C. § 19-03.1-23,5747,or,with,"nternet, but a person who violates section 12-46-24 or subsection with respect to: a. A controlled substance c"
N.D.C.C. § 19-24.1-23,5897,under,result,pesticide test or a random quality sampling test under section  result immediately to the department and to th
N.D.C.C. § 2-06-01.2,5987,under,concessions," has operational control of airports constructed under section concessions, or the lease of portions of the pr"
N.D.C.C. § 20.1-01-28,6051,by,, must be identical to the statutory fee established by section
N.D.C.C. § 20.1-02-16.7,6087,with,,ists of transfers and deposits made in accordance with section
N.D.C.C. § 20.1-02-16.8,6088,with,subject,"ists of transfers and deposits made in accordance with section subject to legislative appropriations, for impr"
N.D.C.C. § 20.1-03-12.3,6145,of,,disabled veteran license as defined in subsection 6 of section
N.D.C.C. § 20.1-03-40,6178,under,suspension,"ng, and fishing privileges for at least one year under section suspension, revocation, or denial, or guided on"
N.D.C.C. § 20.1-13.1-04,6295,by,,s deemed not to have withdrawn the consent provided by section
N.D.C.C. § 20.1-13.1-08,6299,under,hearing,ng a person from operating a motorboat or vessel under section hearing if the person mails a request for the h
N.D.C.C. § 20.1-13-09,6318,to,,d or otherwise available to the department pursuant to section
N.D.C.C. § 20.1-15-04,6337,by,,s deemed not to have withdrawn the consent provided by section
N.D.C.C. § 21-02-05,6384,in,, information as required for the recording of bonds in section
N.D.C.C. § 21-03-07,6416,of,dedicated,s authorized by section 57-15-06.6 and subsection 5 of section dedicated levy for the purposes identified unde
N.D.C.C. § 21-10-02,6517,in,,charged with the investment of the funds enumerated in section
N.D.C.C. § 23-01-05.5,6633,with,a,s confidential and may be disclosed in accordance with section a. The state forensic examiner or the examiner'
N.D.C.C. § 23-06.6-04,6739,under,other,her person authorized to make an anatomical gift under section other person making the gift or by authorizing 
N.D.C.C. § 23-06.6-07,6742,under,section,e an anatomical gift of the donor's body or part under section section 23-06.6-05. 2. A donor's revocation of 
N.D.C.C. § 23-06.6-07,6742,under,under,f an anatomical gift of the donor's body or part under section under section 23-06.6-04 or 23-06.6-09. 3. If a
N.D.C.C. § 23-06.6-09,6744,under,class,"ion 3, an anatomical gift by a person authorized under section class who is reasonably available. If more than"
N.D.C.C. § 23-07.5-02,6820,of,,therwise provided by subdivision b of subsection 11 of section
N.D.C.C. § 23-07-21,6877,of,,otherwise breaches the confidentiality requirements of section
N.D.C.C. § 23-09-01,6915,or,of,"nu. 14. ""Retail food store"" means any establishment or section of an establishment where food and food product"
N.D.C.C. § 23-11-16.1,6982,to,, participate in a county housing authority pursuant to section
N.D.C.C. § 23-13-15,7058,by,systems,tal property with the exception of property covered by section systems for the protection of occupants of the 
N.D.C.C. § 23-16.1-02.1,7075,to,,the state health officer to choose another pursuant to section
N.D.C.C. § 23-21.1-07,7154,in,,"ce, lot, or part thereof, in any cemetery described in section"
N.D.C.C. § 23-27-07,7242,in,be,ct organizational meeting pursuant to the procedure in section be deemed organized and operating under the pro
N.D.C.C. § 23-30-07,7259,in,must,uditors may levy a tax not exceeding the limitation in section must be: 1. Collected as other taxes are collec
N.D.C.C. § 23-34-03,7267,to,,"strative action, and are not public records subject to section"
N.D.C.C. § 23.1-04-10,7414,to,ordinances,ay issue permits for commercial facilities pursuant to section ordinances are equal to or more stringent than 
N.D.C.C. § 23.1-05-01,7422,of,d,the uses specified in subparagraph E of paragraph 2 of subsection d of section 2021e of title 42 of the United
N.D.C.C. § 23.1-05-01,7422,of,d,s trustee pursuant to subparagraph A of paragraph 2 of subsection d of section 2021e of title 42 of the United
N.D.C.C. § 23.1-06-07,7429,under,facilities,"lies to any petition submitted to the department under section facilities, coal-fueled electric generating uni"
N.D.C.C. § 23.1-12-19,7529,under,,the department for partial or full reimbursement under section
N.D.C.C. § 23.1-16-09,7595,by,,he inspection fees. Certificate fees are determined by section
N.D.C.C. § 24-01-43,7659,of,purposes, hereinafter constructed contrary to the provisions of section purposes of highway expansion.
N.D.C.C. § 24-02-07.3,7716,of,,etermined according to the criteria in subsection 5 of section
N.D.C.C. § 54-44.7-03,7717,of,and,with the provision in subdivision c of subsection 2 of section and contract negotiation must be performed acco
N.D.C.C. § 24-02-25.2,7737,under,against,"d labor, materials, or supplies and made a claim under section against the contractor or surety within one yea"
N.D.C.C. § 24-02-45.3,7767,under,moneys, into cooperative agreements with any transferee under section moneys pursuant to legislative appropriations t
N.D.C.C. § 24-06-27,7860,in,caused," or in any way injures any ditch opened as provided in section caused by such injury, which must be assessed b"
N.D.C.C. § 24-06-28,7861,to,impracticable,cross section lines which have been closed pursuant to section impracticable due to the topography of the land
N.D.C.C. § 24-06-28,7861,of,lines,o subsection 3 may not be considered an obstruction of section lines and any person who damages any fence or w
N.D.C.C. § 24-06-30,7863,of,notice,"any fences not constructed pursuant to subsection 2 of section notice to remove stones, trees, or rubbish. If "
N.D.C.C. § 24-08-06,7912,in,this,"he cost of any bridge to be constructed as provided in section this state, to be expended under a commission o"
N.D.C.C. § 24-09-01.1,7921,to,,advance warning signs designed and located pursuant to section
N.D.C.C. § 25-03.1-09,8111,of,person, to determine whether it complies with requirements of section person requiring treatment. If probable cause h
N.D.C.C. § 25-03.1-43,8151,of,, to proceedings under this chapter for the purposes of section
N.D.C.C. § 25-03.3-03.1,8171,in,,s attorney of an appropriate county as provided for in section
N.D.C.C. § 25-04-06,8207,with,accomplished,s established by the department and in accordance with section accomplished without admission for residential 
N.D.C.C. § 26.1-03.1-04,8405,under,within,challenges an adjusted risk-based capital report under section within forty-five days after the notification t
N.D.C.C. § 26.1-03.1-04,8405,under,within,rer challenges a revised risk-based capital plan under section within forty-five days after the notification t
N.D.C.C. § 26.1-03.2-05,8419,under,modified,"h organization has challenged a corrective order under section modified the corrective order, the failure of t"
N.D.C.C. § 26.1-03-10,8438,under,,ent. The fees for publication are those provided under section
N.D.C.C. § 26.1-05-24,8512,to,,all securities specified in any list filed pursuant to section
N.D.C.C. § 26.1-06.1-15,8538,under,,his subsection has the same effect as a petition under section
N.D.C.C. § 26.1-06.1-24,8547,with,,he court for disbursement of assets in accordance with section
N.D.C.C. § 26.1-06.1-34,8557,by,section,"t be filed with the liquidator in the form required by section section 26.1-06.1-21, except that proof of clai"
N.D.C.C. § 26.1-06.1-36,8559,with,," even if contingent, if it is filed in accordance with section"
N.D.C.C. § 26.1-06.1-42,8565,under,,ociation. Unresolved disputes must be determined under section
N.D.C.C. § 26.1-06.1-55,8578,under,,iver shall make a recommendation to the court as under section
N.D.C.C. § 26.1-10.1-02,8672,under,chapter,"s or dispositions of assets need not be reported under section chapter, a material acquisition, or the aggrega"
N.D.C.C. § 26.1-10.1-03,8673,under,agreements,eded reinsurance agreements need not be reported under section agreements or new ceded reinsurance agreements 
N.D.C.C. § 26.1-10.3-02,8683,of,, contains the information described in subsection 2 of section
N.D.C.C. § 26.1-10-11,8704,of,by,e commissioner any person has committed a violation of section by affiliates or by the insurance holding compa
N.D.C.C. § 26.1-12.1-15,8740,of,,eorganizing insurer in accordance with subsection 1 of section
N.D.C.C. § 26.1-12.2-03,8745,to,a,"ls or entities granted subscription rights pursuant to section a. In a public offering; however, if the number"
N.D.C.C. § 26.1-14-14,8843,with,under,"er into a contract with the company in accordance with section under any contract, the contracting health serv"
N.D.C.C. § 26.1-15.1-12,8856,by,,ofit institutions to further the purposes permitted by section
N.D.C.C. § 26.1-17.1-25,8933,in,service,service organization is subject to the tax provided in section service organization is entitled to the same ta
N.D.C.C. § 26.1-18.1-02,8973,under,state,ertificate of authority as a foreign corporation under section state laws. 2. Any health maintenance organizat
N.D.C.C. § 26.1-21-09.1,9043,to,determines,ute hunting and fishing licenses or stamps pursuant to section determines that funds received under this secti
N.D.C.C. § 26.1-26.8-09,9201,in,,bed by the commissioner and pay a fee as prescribed in section
N.D.C.C. § 26.1-26-13.2,9240,under,,se must pass a written examination unless exempt under section
N.D.C.C. § 26.1-26-34,9279,in,government,"son for termination is one of the reasons set forth in section government body, or self-regulatory organizatio"
N.D.C.C. § 26.1-27-03,9319,of,or," 26.1-27-06 and also violated subsection 1, 2, or 3 of section or the administrator is not competent, trustwor"
N.D.C.C. § 26.1-31.2-02,9415,of,,"s financial institution, as defined in subsection 2 of section"
N.D.C.C. § 26.1-33-21,9474,of,,y to policies issued on or after the operative date of section
N.D.C.C. § 26.1-34.2-01.1,9506,in,,y under the best interest standard of care outlined in section
N.D.C.C. § 26.1-34-02,9514,and,contract,pecified in sections 26.1-34-03 through 26.1-34-06 and section contract must be based upon minimum nonforfeitu
N.D.C.C. § 26.1-34-11,9523,of,,ject to the requirements of subsections 1 through 7 of section
N.D.C.C. § 26.1-35-14,9540,of,under,eport developed under subdivision c of subsection 2 of section under this chapter; b. May otherwise be release
N.D.C.C. § 26.1-36-08.1,9636,and,c,y-five days of services covered under this section and section c. For the purpose of computing the period for 
N.D.C.C. § 26.1-36-12.4,9661,to,b, by a person authorized to provide consent pursuant to section b. If the data or information identifies the he
N.D.C.C. § 26.1-38.1-02,9726,of,subdivision, coverage is not provided under subsections 2 and 3 of section subdivision c of subsection 3 of section 26.1-3
N.D.C.C. § 26.1-38.1-03,9727,under,under,r the plan of operation established and approved under section under section 26.1-38.1-04. For purposes of adm
N.D.C.C. § 26.1-38.1-05,9729,to,insurer,treated as a distribution of estate assets pursuant to section  insurer. 9. If the association fails to act wi
N.D.C.C. § 26.1-40.2-04,9801,of,a,nsurer providing coverage under subsections 1 and 2 of section a. Occurs during the delivery available period 
N.D.C.C. § 26.1-40-01,9805,of,policy,"nal vehicle as that term is defined in subsection 2 of section ""Policy"" does not include any policy that has b"
N.D.C.C. § 26.1-40-01,9805,of,, any of the circumstances specified in subsection 2 of section
N.D.C.C. § 26.1-40-15.2,9823,in,,therein or supplemental thereto in limits set forth in section
N.D.C.C. § 26.1-41-18,9859,with,effect,who requests suspension of coverage in accordance with section effect if bodily injury is sustained while an o
N.D.C.C. § 26.1-46-02,9916,with,requirements,insurers chartered and licensed in this state and with section requirements of this state. Notwithstanding any
N.D.C.C. § 27-05.2-08,10130,under,,shall deposit in the fund certain fees collected under section
N.D.C.C. § 27-05-03.2,10140,to,, are applicable to those judges who retire pursuant to section
N.D.C.C. § 27-08.1-03,10173,of,, fee as prescribed in subdivision c of subsection 1 of section
N.D.C.C. § 27-17-06,10311,in,contributions,"lculated by applying the vesting schedule set forth in section contributions as calculated in subsection 1, pl"
N.D.C.C. § 27-19-13,10330,of,withdrawal,epted state civil jurisdiction under the provisions of section withdrawal. Withdrawal does not affect claims f
N.D.C.C. § 27-20.2-19,10371,of,cost,27-06 or the cost of an attorney under subsection 6 of section cost. 2. The commission on legal counsel for in
N.D.C.C. § 27-20.3-26,10406,under,extension, those rights and that relationship is warranted under section extension hearing also must inform the parties 
N.D.C.C. § 27-20.4-20,10430,or,entitled,"erwise, any order of restitution under this section or section entitled to the restitution in the same manner "
N.D.C.C. § 27-21-05,10466,to,,nless the recommendation is temporary care pursuant to section
N.D.C.C. § 29-06.1-03,11100,under,voluntary,e judge shall issue an order to transfer custody under section voluntary return of the person to that authorit
N.D.C.C. § 29-06-15,11120,under,h,"ffense of violating an order prohibiting contact under section h. On a charge, made upon reasonable cause, of "
N.D.C.C. § 29-12-14,11254,in,liability,"her officer returns a summons issued as is provided in section liability company, if it does not appear on and"
N.D.C.C. § 29-26-16,11451,of,determination,"e degree, and the provisions, so far as applicable, of section determination."
N.D.C.C. § 29-29.6-03,11540,of,,l finding required by subdivision b of subsection 1 of section
N.D.C.C. § 29-30.3-13,11577,to,authorize,e shall issue an order to transfer custody pursuant to section authorize the voluntary return of the person. 3
N.D.C.C. § 29-30.3-14,11578,to,that,e shall issue an order to transfer custody pursuant to section that the arrested person is not the demanded pe
N.D.C.C. § 29-30.3-19,11583,to,issued,e shall issue an order to transfer custody pursuant to section issued authorize the voluntary return of the pe
N.D.C.C. § 30.1-01-06,11696,under,b,"terested person"" includes: a. Except as provided under section b: (1) Heirs and devisees; (2) Children; (3) Sp"
N.D.C.C. § 30.1-04-18,11727,or,, child's parent or parents under section 30.1-04-19 or section.
N.D.C.C. § 30.1-05-06,11736,of,,tive share is filed in the court under subsection 1 of section
N.D.C.C. § 30.1-15-12,11850,of,if,"nd the court finds that a search under subsection 2 of section If the alleged decedent is not dead, even if no"
N.D.C.C. § 30.1-19-02,11898,under,," limitations, the proper presentation of a claim under section"
N.D.C.C. § 30.1-19-16,11912,under,in,"rs otherwise in a proceeding for a closing order under section In other cases, distribution of the estate of a"
N.D.C.C. § 30.1-20-06,11918,in,b,selected particular assets of an estate as provided in section b. Any homestead or family allowance or devise 
N.D.C.C. § 30.1-27-05,11966,under,,dian for a minor becoming an incapacitated adult under section
N.D.C.C. § 30.1-28-07,11983,under,, the report and accounting to those given notice under section
N.D.C.C. § 30.1-28-07.1,11985,in,,nformal request to the parties and those identified in section
N.D.C.C. § 30.1-28-16,11997,under,,", or at a separate involuntary treatment hearing under section"
N.D.C.C. § 30.1-29-08,12010,in,and,"only if satisfied, after notice to those identified in section and that the protected person either is incapab"
N.D.C.C. § 30.1-29-23,12026,in,person,ther than those requiring a court order as provided in section person knowingly deals with a conservator does 
N.D.C.C. § 30.1-29-25,12028,of,expenses,"o has not been adjudged disabled under subsection 2 of section expenses of administration, shall pay over and "
N.D.C.C. § 30.1-29-25,12028,in,the,"ppointment of a personal representative as provided in section the conservator, after administration, may be d"
N.D.C.C. § 31-13-03,12222,or,engaged,"ision e or f of subsection 1 of section 12.1-20-07, or section engaged in a nonconsensual sexual act or sexual"
N.D.C.C. § 32-08.1-03,12418,in,issued, that the debt is to become due. The bond specified in section issued before the maturity of the debt and a de
N.D.C.C. § 32-08.1-15,12430,to,within," the plaintiff a copy of the bond received pursuant to section within three days thereafter, give notice to th"
N.D.C.C. § 32-19-06.1,12687,to,, constitutes surplus payable to the debtor pursuant to section
N.D.C.C. § 32-19-18,12700,in,sixty-five,"the sale, except for abandoned property as provided in section sixty-five days after the filing of the summons"
N.D.C.C. § 32-19-41,12725,under,has,"y is adjudicated to be abandoned by an affidavit under section has been recorded, or after receipt and recordi"
N.D.C.C. § 32-19-41,12725,under,dispose," not adjudicated to be abandoned by an affidavit under section dispose of, without legal process, any personal"
N.D.C.C. § 32-29.4-24,12871,of,vacating,n a motion under subdivision a or b of subsection 1 of section vacating the award exists. 5. If a person comme
N.D.C.C. § 34-05-03,13079,under,disclose,"rom private employers, and information collected under section disclose information collected, records, and de"
N.D.C.C. § 35-15-03,13343,in,duty,labor performed or materials furnished as specified in section duty of the owner or agent to furnish the contr
N.D.C.C. § 35-21-05,13392,of,facie," fee as prescribed in subdivision d of subsection 1 of section facie evidence, in the courts of this state, of"
N.D.C.C. § 35-31-01,13482,under,, effective to secure a priority over liens filed under section
N.D.C.C. § 36-01-36,13581,in,,g this section is subject to the remedies set forth in section
N.D.C.C. § 36-21.2-07,13706,under,required,"ting this chapter, the owner of an animal seized under section required notifications, attorney's fees, court "
N.D.C.C. § 37-04-16,13848,of,guard,r the retirement of an officer until the provisions of section guard caused by the operation of this section m
N.D.C.C. § 37-17.3-12,14044,of,interoperable,litical subdivision in accordance with subsection 2 of section interoperable radio network fund.
N.D.C.C. § 37-19.1-03,14082,under,, to the employment preference given to a veteran under section
N.D.C.C. § 37-27-02,14094,and,,"ousand dollars, except as provided in this section and section"
N.D.C.C. § 38-08-04,14162,in,which,missioner which wells are stripper wells as defined in section which wells involve secondary or tertiary recov
N.D.C.C. § 38-13.1-03,14316,in,,held in trust and have filed the notice as provided in section
N.D.C.C. § 38-14.1-29,14349,by,public,lty may be assessed by the commission as authorized by section public hearing pursuant to the procedures speci
N.D.C.C. § 38-14.1-29,14349,of,which," decision pursuant to subdivision g of subsection 3 of section which is warranted, incorporating, when appropr"
N.D.C.C. § 38-14.1-35,14355,under,commission,o has participated in administrative proceedings under section commission. b. To any person with an interest w
N.D.C.C. § 38-14.1-35,14355,under,commission,sion to suspend or revoke the permittee's permit under section commission implementing a final decision imposi
N.D.C.C. § 38-14.1-35,14355,under,affected,"implementing a final decision imposing a penalty under section affected by such order or by any modification, "
N.D.C.C. § 38-14.2-04,14366,of,fulfill,"ance with subdivisions a, b, and c, of subsection 1 of section fulfill the requirements of this subsection is "
N.D.C.C. § 38-18.1-05,14410,in,explanation, after first publication of the notice provided for in section explanation of the factual and legal basis for 
N.D.C.C. § 38-18.1-06,14411,in,b,'s records for the existence of any uses as defined in section b. The clerk of court's records for the existen
N.D.C.C. § 38-22-20,14456,in,,"entering such contracts, follow the process set out in section"
N.D.C.C. § 39-01-06,14494,of,person,"ollects or receives any expense moneys in violation of section person, and if that person's office or position"
N.D.C.C. § 39-04-10.2,14607,of,,ing a parking certificate issued under subsection 4 of section
N.D.C.C. § 39-04-39,14664,of,dollars,he registration of farm vehicles under subsection 5 of section dollars.
N.D.C.C. § 39-05-22,14721,of,or,manufactured home as real estate under subsection 6 of section or certificate of title.
N.D.C.C. § 39-06.1-11,14748,of,conduct,e issued for suspensions ordered under subsection 7 of section conduct. 6. a. In addition to any restrictions 
N.D.C.C. § 39-06.2-08,14760,in,,on must be accompanied by an application fee listed in section
N.D.C.C. § 39-06.2-10.4,14770,under,alcohol,"er state refuses, in this state, a test provided under section alcohol concentration of at least four one-hund"
N.D.C.C. § 39-06-14.2,14807,under,individual's,pon an individual's change in citizenship status under section  individual's updated information as required u
N.D.C.C. § 39-06-17,14811,of,,"er 39-20, punishment is as provided in subsection 2 of section"
N.D.C.C. § 39-06-20,14817,in,,"me change, by making an application as provided for in section"
N.D.C.C. § 39-06-34,14834,under,the,"ring is requested, the hearing must be conducted under section  the conclusion of the hearing. Upon the conclu"
N.D.C.C. § 39-07-12,14868,in,officer, been involved in a reportable accident as provided in section officer within twenty-four hours after such mot
N.D.C.C. § 39-08-01.5,14875,with,, dismiss the case and seal the file in accordance with section
N.D.C.C. § 39-10.1-08,14927,to,,against the driving record of the violator pursuant to section
N.D.C.C. § 39-10-19,14972,or,except,"across, or within any such dividing space, barrier, or section, except through an opening in such physical bar"
N.D.C.C. § 39-10-71.1,15042,of,b,ting the motor vehicle at the time of the violation of section b. The motor vehicle was reported stolen before
N.D.C.C. § 39-12-06,15054,by,,"ay be operated on the highways, except as permitted by section"
N.D.C.C. § 39-16.1-20.1,15102,by,,irming the person's insurance coverages as required by section
N.D.C.C. § 39-21-15,15201,of,equipment,or multiple-beam headlamps meeting the requirements of section  equipment which is not equipped with an electr
N.D.C.C. § 39-21-21,15209,of,loading,"light, or composite beam, specified in subsection 2 of section loading. 2. Whenever the driver of a vehicle fo"
N.D.C.C. § 39-21-27,15215,of,being, with safety strobe lights pursuant to subsection 4 of section being operated upon a highway for purposes of t
N.D.C.C. § 39-24.1-04,15310,by,,s deemed not to have withdrawn the consent provided by section
N.D.C.C. § 39-24.1-06,15312,of,,s guilty to violating subdivision c of subsection 5 of section
N.D.C.C. § 39-24.1-07,15313,of,this," has one violation of subdivision c of subsection 5 of section this chapter, the offense is a class B misdemea"
N.D.C.C. § 39-29-12,15399,of,provides,ssed. Violation of section 39-29-02 or subsection 2 of section provides proof of registration since the violat
N.D.C.C. § 39-30-04,15403,of,f, property was used in the commission of a violation of section f. The owner of property may show by a preponde
N.D.C.C. § 4.1-01.1-07,15449,and,,ntinuing basis for grants pursuant to this section and section
N.D.C.C. § 4.1-01-06,15458,under,,ary to execute the functions of the commissioner under section
N.D.C.C. § 4.1-25-11,15853,under,licensee," 4.1-25-13 apply to all milk purchasers licensed under section licensee licensed under section 4.1-25-02, but "
N.D.C.C. § 4.1-26-11,15906,with,the,milk stabilization plan established in accordance with section the milk stabilization plan and the federal mil
N.D.C.C. § 4.1-48-03,16212,under,practice,nduct that constitutes an unfair act or practice under section practice.
N.D.C.C. § 4.1-58-01,16347,in,,ain for sale and which contains the notice provided in section
N.D.C.C. § 4.1-58-05,16352,in,shall,l post a notice containing the procedures specified in section shall provide a copy of the notice to each publ
N.D.C.C. § 4.1-59-01,16403,in,,ain for sale and which contains the notice provided in section
N.D.C.C. § 4.1-72-06,16462,in,,g this section is subject to the remedies set forth in section
N.D.C.C. § 40-01.1-04,16539,to,parties,e township's general authority to contract pursuant to section parties under the terms and conditions of the a
N.D.C.C. § 40-01.1-04,16539,to,subdivisions,he offices of township clerk and treasurer pursuant to section subdivisions pursuant to chapter 11-10.3. e. An
N.D.C.C. § 40-01.1-04,16539,to,parties,k district's general authority to contract pursuant to section parties under the terms and conditions of the a
N.D.C.C. § 40-02-06,16572,by,manner,"ion of witnesses before it, that notice as required by section manner and for the period required by this chap"
N.D.C.C. § 40-02-06.1,16573,in,,ict court in accordance with the procedure provided in section
N.D.C.C. § 40-05.1-03,16611,to,composition,"ter, unless a petition proposing a charter pursuant to section composition of the commission is to be determin"
N.D.C.C. § 40-05.1-07.1,16617,under,,e amended under this section and must be amended under section
N.D.C.C. § 40-05-01,16624,under,,"cts, including floodplain management as provided under section"
N.D.C.C. § 40-18.1-02,16799,of,commission,hree times previously been convicted of a violation of section commission of the offense charged. If the offen
N.D.C.C. § 40-18.1-13,16810,under,there,an ordinance is initiated by a uniform complaint under section there is probable cause to believe a criminal o
N.D.C.C. § 40-21-07,16842,by,,hall also file a statement of interests as required by section
N.D.C.C. § 40-22-08,16879,in,water,"n improvement project of one of the types specified in section water districts, sewer districts, water and sew"
N.D.C.C. § 40-23-24,16957,under,area,re because of a petition to enlarge the district under section area of the property in the district. Audit and
N.D.C.C. § 40-33.2-05,17091,to,premiums,"nts, rates, and charges may be established pursuant to section premiums thereon, without obtaining the consent"
N.D.C.C. § 40-33-04,17107,of,disposition,"ency or institution of the state under subsection 5 of section disposition, and operation of the waterworks, m"
N.D.C.C. § 40-33-07,17110,in,,"n election called, held, and conducted as specified in section"
N.D.C.C. § 40-33-30,17133,in,," electric public utility, have the same meanings as in section"
N.D.C.C. § 40-39-10,17230,in,,he county in accordance with the procedure provided in section
N.D.C.C. § 40-45-09,17285,in,," reaches the age of sixty years, except as provided in section"
N.D.C.C. § 40-45-20,17297,in,therefrom,rd of trustees upon the re-examination provided for in section therefrom. The disabled member shall remain upo
N.D.C.C. § 40-45-27,17304,in,provided,ty shall determine by a two-thirds vote as provided in section provided in section 40-46-25.
N.D.C.C. § 40-46-19,17328,in,therefrom,rd of trustees upon the re-examination provided for in section therefrom. The disabled employee shall remain u
N.D.C.C. § 40-46-25,17334,in,discontinued,ty shall determine by a two-thirds vote as provided in section discontinued in such city and the governing bod
N.D.C.C. § 40-48-16,17370,in,, planning commission for report thereon as provided in section
N.D.C.C. § 40-48-32,17387,in,that,governing body adopting any street map provided for in section that it shall not become effective until a noti
N.D.C.C. § 40-57.1-04.4,17522,under,local,tor is not eligible for the income tax exemption under section local tax obligations and tax liens of record f
N.D.C.C. § 40-57.3-03,17535,under,,ors' promotion capital construction fund created under section
N.D.C.C. § 40-58-11,17578,under,,thority vested with urban renewal project powers under section
N.D.C.C. § 40-58-13,17581,to,municipality,n addition to any authority to issue bonds pursuant to section municipality pursuant to this section must be i
N.D.C.C. § 40-58-20.3,17590,under,file,renewal plan for any development or renewal area under section file an annual report with the department of co
N.D.C.C. § 40-63-03,17627,under,from," of property may be exempted from property taxes under section from property taxes under section 40-63-05, the"
N.D.C.C. § 40-63-04,17628,under,completion,s of personal income tax liability as determined under section completion of rehabilitation. 2. A taxpayer tha
N.D.C.C. § 41-02.1-59,17718,or,though,ases in good faith from a lessee under this section or section though the lessee fails to comply with one or m
N.D.C.C. § 41-02.1-73,17732,of,the,tion 41-02.1-71 or in subdivision a of subsection 3 of section the lessor may require the lessee to assemble t
N.D.C.C. § 41-03-06,17849,of,, order conditional for the purposes of subsection 1 of section
N.D.C.C. § 41-03-15,17858,of,augmented,"on 41-03-04 but, after completion, the requirements of section augmented by completion. 3. If words or numbers"
N.D.C.C. § 41-04.1-17,17928,of,the,pays the beneficiary as stated in subsection 1 or 2 of section the beneficiary has been credited with respect 
N.D.C.C. § 41-04.1-24,17935,in,sender's,ayment order that is erroneously executed as stated in section sender's account was debited with respect to th
N.D.C.C. § 41-04.1-30,17941,of,is,payment of the bank's obligation under subsection 1 of section is satisfied. 3. Except as stated in subsection
N.D.C.C. § 41-04.1-30,17941,of,,igation to pay its payment order under subsection 3 of section
N.D.C.C. § 41-04-31,17980,under,e,"k becomes accountable for the amount of the item under section e. With respect to checks, a cutoff hour no ear"
N.D.C.C. § 41-04-32,17981,in,,ion by the bank with respect to the check described in section
N.D.C.C. § 41-05-12,18003,of,,n the standard practice referred to in subsection 5 of section
N.D.C.C. § 41-08-34,18084,of,subsection,"08-36, or the issuer has complied with subsection 2 of section subsection 4 of section 41-08-36; and g. The tr"
N.D.C.C. § 41-09-07,18110,of,,proceeds of the letter of credit under subsection 3 of section
N.D.C.C. § 41-09-19,18124,of,assignee,r that has received notification under subsection 1 of section  assignee a signed record that releases the acc
N.D.C.C. § 41-09-25,18130,of,priority, issuer's jurisdiction as specified in subsection 4 of section priority of a security interest in an uncertifi
N.D.C.C. § 41-09-34,18141,under,perfected,t in investment property is perfected by control under section perfected by control until: a. The secured part
N.D.C.C. § 41-09-35,18143,under,b,tiveness of the filed financing statement lapses under section b. The twenty-first day after the security inte
N.D.C.C. § 41-09-36,18144,of,period," law of the jurisdiction designated in subsection 1 of section period, it remains perfected thereafter. If the"
N.D.C.C. § 41-09-36,18144,of,apply,in subsection 1 of section 41-09-21 or subsection 3 of section apply: a. The financing statement is effective 
N.D.C.C. § 41-09-47,18156,of,account,cted by control under subdivision c of subsection 1 of section account or uncertificated certificate of deposi
N.D.C.C. § 41-09-50,18159,under,paper,"videncing the chattel paper, and obtains control under section paper; and b. The authoritative copies of the r"
N.D.C.C. § 41-09-73,18182,of,section,ling is an exempt record as defined by subsection 5 of section  section 41-09-94 or 41-09-96 or as part of a c
N.D.C.C. § 41-09-84,18193,under,loss," after proper written demand by the debtor, then under section loss caused to the debtor by such failure. 2. E"
N.D.C.C. § 41-09-87,18196,by,b,dentify the initial financing statement as required by section (b) Identifies an initial financing statement w
N.D.C.C. § 41-09-94,18203,under,under,"ry 1, 2002, if the request so states, has lapsed under section under subsection 1 of section 41-09-93; b. The "
N.D.C.C. § 41-09-119,18228,under,,obligor may waive the right to redeem collateral under section
N.D.C.C. § 41-12-05,18268,in,a,", or account number, as having the powers specified in subsection a. 2. Subject to subsection 3, a power is ex"
N.D.C.C. § 43-02.2-02,18335,under,accountant,"tificate as ""certified public accountant"" issued under section accountant issued after examination under the l"
N.D.C.C. § 43-02.2-02,18335,under,states,"s a permit to practice public accountancy issued under section states. 8. ""Practice of"" or ""practicing"" public"
N.D.C.C. § 43-02.2-08,18343,under,secretary,m not a resident of this state for a certificate under section secretary of state as the applicant's agent upo
N.D.C.C. § 43-02.2-12,18347,of,on,"ction 43-02.2-04.1 or subdivision b of subsection 1 of section on financial statements of any other person, fi"
N.D.C.C. § 43-07-10,18498,in,,ll pay to the registrar the renewal fee established in section
N.D.C.C. § 43-12.1-04,18670,under,administration, or secondary school under a program established under section administration and has received written consent
N.D.C.C. § 43-12.1-09.1,18678,by,,cord check must be conducted in the manner provided by section
N.D.C.C. § 43-12.1-11,18680,in,,ter or grounds for disciplinary action as set forth in section
N.D.C.C. § 43-13-21.1,18729,in,adversely,require a physical or mental evaluation as provided in section adversely affect the public welfare. 6. Discipl
N.D.C.C. § 43-13-30,18739,of,,hen such professional services are within the scope of section
N.D.C.C. § 43-15.4-06,18778,under,,e continuing education requirements of the board under section
N.D.C.C. § 43-15-25.2,18814,of,, conduct laboratory tests provided in subsection 24 of section
N.D.C.C. § 43-17.5-11,18879,of,model,tates are subject to the process under subsection 3 of section model compact and whether they qualify for part
N.D.C.C. § 43-18.2-02,18953,in,,wer and water contractors and installers as defined in section
N.D.C.C. § 43-18-11.3,18977,under,advertise," this section, if a plumbing license is required under section advertise as a plumbing contractor, master plum"
N.D.C.C. § 43-23-04,19149,under,commission," the legislative assembly is entitled to receive under section commission in the annual budget process, for ea"
N.D.C.C. § 43-26.1-02,19204,in,provided,er is entitled to mileage reimbursement as provided in section provided by law for state officers in section 4
N.D.C.C. § 43-28-06,19239,of,that,edicine has entered an agreement under subsection 6 of section that contract. Records of an alternative to dis
N.D.C.C. § 43-28-06,19239,of,, to exceed five thousand dollars for each violation of section
N.D.C.C. § 43-30-02.2,19323,under,,y be voluntarily registered as security officers under section
N.D.C.C. § 43-30-10,19334,with,injunction,"court may impose an administrative fee consistent with section injunction, impose administrative fees, or seek"
N.D.C.C. § 43-34-03.2,19427,in,,cord check must be conducted in the manner provided in section
N.D.C.C. § 43-36-08,19446,with,,shall deposit and disburse the same in accordance with section
N.D.C.C. § 43-40.1-05,19505,in,except,apy assistant meets the pertinent criteria outlined in section except for: (1) A federal bureau of investigati
N.D.C.C. § 43-41-04.2,19542,in,,cord check must be conducted in the manner provided in section
N.D.C.C. § 43-47-06.3,19627,of,check,"plicant for licensure under subsections 2, 3, and 4 of section  check and may require a licensee to submit to "
N.D.C.C. § 43-62-04,19772,of,c, of and currently licensed pursuant to subsection 2 of section c. Be currently certified by a certification or
N.D.C.C. § 44-04-15,19848,by,irregularity,"rds of that officer's office in the manner provided by section irregularity by the proper board, the state's a"
N.D.C.C. § 44-04-18,19852,of,may,entity as defined in subdivision a of subsection 13 of section may establish procedures for providing access f
N.D.C.C. § 44-04-18.6,19858,to,,pply to any record distributed at a meeting subject to section
N.D.C.C. § 44-04-18.20,19871,by,,tion 44-04-18.7 or correctional facility as defined by section
N.D.C.C. § 44-04-21,19893,to,,e kept of all open meetings and are records subject to section
N.D.C.C. § 44-04-21.1,19894,of,is,entity as defined in subdivision a of subsection 13 of section is brought under section 44-04-21.2 or is reaso
N.D.C.C. § 44-06.1-03,19914,of,,The prohibition under subdivision b of subsection 7 of section
N.D.C.C. § 44-06.1-28,19941,under,a, a technology fee when performing a notarial act under section a. The notary incurred fees for using technolog
N.D.C.C. § 44-09-04,19982,in,,cts claimed to constitute one of the offenses named in section
N.D.C.C. § 45-10.2-21,20065,to,entitled,"ate, in a meeting by remote communication according to section entitled to participate by remote communication"
N.D.C.C. § 45-10.2-21,20065,to,c,"ed to participate by remote communication according to section c. A copy, facsimile telecommunication, or othe"
N.D.C.C. § 45-10.2-25,20069,of,partnership,person admitted under subdivision b of subsection 3 of section partnership must be signed by that person. d. A
N.D.C.C. § 45-10.2-25,20069,of,signed, a person pursuant to subdivision d of subsection 1 of section signed by that person. l. A statement of withdr
N.D.C.C. § 45-10.2-54,20098,of,distribution,r that consents to a distribution made in violation of section distribution which exceeds the amount that coul
N.D.C.C. § 45-10.2-98,20142,to,any,"organization is a limited partnership, then subject to section  any time before the effective date of the plan"
N.D.C.C. § 45-10.2-108,20152,of,or, report must be signed as provided in subsection 40 of section or number of partners. If the limited partnersh
N.D.C.C. § 45-10.2-108,20152,in,,n annual report and a reinstatement fee as provided in section
N.D.C.C. § 45-10.2-111,20156,to,foreign,oluntarily dissolves a limited partnership pursuant to section foreign limited partnership and if reinstatemen
N.D.C.C. § 45-11-04,20168,by,,tate until they have filed the certificate required by section
N.D.C.C. § 45-15-02,20199,under,a,of initial transfer did not bind the partnership under section a. As to a subsequent transferee who gave value
N.D.C.C. § 45-18-03,20222,of,c,duty of loyalty under subdivision c of subsection 2 of section c. The partner's duty of loyalty under subdivis
N.D.C.C. § 45-18-03,20222,of,with, loyalty under subdivisions a and b of subsection 2 of section with regard to matters arising and events occur
N.D.C.C. § 45-20-01,20228,of,partnership, under paragraph 1 of subdivision b of subsection 2 of section partnership business; b. The express will of al
N.D.C.C. § 45-22-03,20252,in,authenticated,must be accompanied by payment of the fees provided in section authenticated by the registering officer of the
N.D.C.C. § 45-22-10,20260,of,directors,lity partnership which would have been in violation of section directors is liable to the domestic limited lia
N.D.C.C. § 45-22-15,20265,under,the,stic limited liability partnership had in effect under section the partnership's own registration under sectio
N.D.C.C. § 45-22-22,20274,in,b,"ign limited liability partnership, the fee provided in section b. A certificate certifying a copy or reciting "
N.D.C.C. § 46-05-04,20369,in,board,"and the method of calculating the same provided for in section board of county commissioners, reports, electio"
N.D.C.C. § 47-01-03,20387,in,have,"ed to land, including manufactured homes as defined in section have been satisfied; 3. That which is incidenta"
N.D.C.C. § 47-30.2-37,21028,under,a,may decline to take custody of property reported under section a. The property has a value less than the estim
N.D.C.C. § 47-30.2-53,21044,under,,sh a claim that has been denied or deemed denied under section
N.D.C.C. § 47-30.2-57,21048,under,and,agent in the course of conducting an examination under section and 47-30.2-73 and are confidential records. Ho
N.D.C.C. § 47-30.2-59,21050,of,,procedures and standards adopted under subsection 1 of section
N.D.C.C. § 47-32-05,21081,under,because,ho was subjected to domestic violence as defined under section because of a domestic violence incident may mov
N.D.C.C. § 47-36-11,21107,under,communications,trust instrument or a certification of the trust under section communications to the trustee; 3. A certificati
N.D.C.C. § 48-08-07,21206,of,ordinance,or part of any public building under the provisions of section ordinance or by resolution of the board of coun
N.D.C.C. § 49-11-17,21459,or,foreman," a ten-day notice served on an officer, roadmaster, or section foreman of the operating company has designated"
N.D.C.C. § 49-23-04,21663,by,number,"way intersection; or (4) A specific quarter section by section number, range, township, and county. In this ca"
N.D.C.C. § 49-23-04,21663,or,corner,"measured in feet from the nearest one-fourth corner or section corner. 2. Unless otherwise exempted, the ticke"
N.D.C.C. § 49-23-04,21663,of,service, careful digging practices required by subsection 5 of section service commission determines the additional lo
N.D.C.C. § 49-23-04.1,21664,by,number,"way intersection; or (4) A specific quarter section by section number, range, township, and county. In this ca"
N.D.C.C. § 49-23-04.1,21664,or,corner,"red in feet from the nearest quarter section corner or section corner. 2. Unless otherwise exempted, the ticke"
N.D.C.C. § 5-01-06.1,21683,under,alcoholic,ated individual has a claim for relief for fault under section alcoholic beverages to an individual under twen
N.D.C.C. § 50-01.1-02,21758,in,,nty commissioners shall submit a plan as prescribed in section
N.D.C.C. § 50-06-05.1,21893,under,treatment," by the judge of a juvenile court. A court order under section treatment, if available, at the state hospital "
N.D.C.C. § 50-06-22,21939,under,providing, gambling disorder prevention and treatment fund under section providing the services under section 50-06-21.
N.D.C.C. § 50-09-36,22031,under,,e has expired for requesting a review by a court under section
N.D.C.C. § 50-17-02,22177,of,other,greements made by the governor under the provisions of section other conditions or provisions as the governor 
N.D.C.C. § 50-24.1-02.8,22217,in,b, section does not apply to: a. An annuity described in subsection b or q of section 408 of the Internal Revenu
N.D.C.C. § 50-24.1-02.8,22217,in,a,"th proceeds from: (1) An account or trust described in subsection a, c, or p of section 408 of the Internal Re"
N.D.C.C. § 50-24.1-02.8,22217,of,k,2) A simplified employee pension within the meaning of subsection k of section 408 of the Internal Revenue Cod
N.D.C.C. § 50-24.4-24,22305,in,rejected,"ermines that the report or the information required in section rejected pursuant to this chapter, the departme"
N.D.C.C. § 50-24.5-01,22312,under,established,and is eligible to receive and receives benefits under section established under title XIX of the Social Secur
N.D.C.C. § 50-25.1-09.1,22381,to,neglect,"individual required or permitted to report pursuant to section neglect, or a report of a death resulting from "
N.D.C.C. § 50-25.1-11,22383,with,,otection team makes a determination in accordance with section
N.D.C.C. § 50-25.1-17,22391,under,a,test does not eliminate the obligation to report under section a controlled substance for a nonmedical purpose
N.D.C.C. § 50-25.2-04,22402,under,adversely,d by the department or the department's designee under section adversely affect or may have adversely affected
N.D.C.C. § 51-07-16,22530,in,kilograms],"vehicle"" means a passenger motor vehicle as defined in section kilograms] or less which is sold or leased in t"
N.D.C.C. § 51-08.1-09,22558,under,between,t person in any other action against that person under section between the parties thereto. This section does 
N.D.C.C. § 51-19-05,22667,in,without,may by order deny or revoke any exemption specified in section without appropriate prior notice to all interes
N.D.C.C. § 51-19-09,22671,under,prompted,mmissioner may vacate or modify an order entered under section prompted its entry have changed or that it is o
N.D.C.C. § 51-23-07,22705,of,," or 51-23-04, or subdivision b or d of subsection 1 of section"
N.D.C.C. § 51-25.1-01,22730,in,ii(jj,"Participating manufacturer"" has the same meaning as in section II(jj) of the master settlement agreement of 19"
N.D.C.C. § 51-25.1-05,22734,of,those,"istributor has violated subsection 4, 6, 7, 8, or 9 of section those subsections, the attorney general may rev"
N.D.C.C. § 51-25.1-05,22734,of,enforcement,"sumption in this state in violation of subsection 4 of section enforcement officer, and forfeiture as follows:"
N.D.C.C. § 51-25.1-05,22734,of,," state in violation of subsection 4, 7, 8, 9, or 10 of section"
N.D.C.C. § 51-25.1-06,22735,under,manufacturer,t an escrow deposit for the sale is not required under section manufacturer claiming the exemption. To establi
N.D.C.C. § 51-25-01,22736,of,ii(mm,ct to such cigarettes as a result of the provisions of subsection II(mm) of the master settlement agreement an
N.D.C.C. § 51-25-01,22736,in,ii(z,"lement agreement and which pays the taxes specified in subsection II(z) of the master settlement agreement, an"
N.D.C.C. § 51-25-02,22737,in,ii(jj,"participating manufacturer, as that term is defined in section II(jj) of the master settlement agreement, and "
N.D.C.C. § 51-25-02,22737,to,ix(i,"ttlement agreement payments, as determined pursuant to section IX(i) of that agreement, including after final "
N.D.C.C. § 51-36-04,22831,of,within,ter lacks the information described in subsection 1 of section within a reasonable period of time. 3. The pers
N.D.C.C. § 52-01-01,22842,under,c,tified for any year by the social security board under subsection c of section 3304 of the federal Internal Re
N.D.C.C. § 52-01-03,22844,in,c,er of the currency of the United States as provided in subsection c of section 3305 of the federal Internal Re
N.D.C.C. § 52-04-06,22889,under,,nd the negative employer maximum rate determined under section
N.D.C.C. § 52-04-19.1,22908,in,wages,hat employer the rate of contributions provided for in section wages paid by that employer. 4. Elections and c
N.D.C.C. § 52-06-02,22920,of,institution,"ices to which subdivisions f and g of subsection 17 of section institution, benefits are not payable under the"
N.D.C.C. § 52-07.1-07,22968,under,, amount equal to the aggregate of the reductions under section
N.D.C.C. § 52-10-03,22995,in,officials,"all services which constitute employment as defined in section officials, shall be covered by the agreement, n"
N.D.C.C. § 52-10-05,22999,in,employees,"all services which constitute employment as defined in section employees thereof, shall be covered by the plan"
N.D.C.C. § 53-06.1-01,23079,under,consumed,"e establishment"" means an establishment licensed under section consumed by guests on the premises. The term do"
N.D.C.C. § 53-06.1-06,23092,by,,nization or distributor and charge a fee prescribed by section
N.D.C.C. § 53-12.1-12,23180,under,," valid, unless a review by a court is authorized under section"
N.D.C.C. § 54-03-20,23335,in,claimed," of meeting of the legislative assembly as provided in section claimed, provided that the total reimbursement "
N.D.C.C. § 54-03-23,23341,in,under,tled to current supplements and volumes as provided in section under this section is not subject to section 46
N.D.C.C. § 54-06-14,23380,of,section,ied as a hard-to-fill occupation under subsection 5 of section section 54-06-31. Sick leave for an employee en
N.D.C.C. § 54-10-15,23471,in,school,"ed electors of any political subdivision enumerated in section school districts, upon petition of at least thi"
N.D.C.C. § 54-10-29,23487,and,, to the confidentiality provisions of this section and section
N.D.C.C. § 54-12-14.1,23531,of,, activities listed in subdivision a of subsection 1 of section
N.D.C.C. § 54-17.5-02,23641,under,relating,ve per diem compensation at the rate as provided under section relating to the official business of the lignit
N.D.C.C. § 54-24.2-03,23856,under,formula,"ding, public libraries eligible to receive funds under section formula: Cities levying 8.00 or more mills 150 "
N.D.C.C. § 54-27-23,23932,under,cash,agement and budget shall order budget allotments under section cash flow financing. It is the intent of the le
N.D.C.C. § 54-27-25,23934,under,ix(c)(1,tobacco settlement dollars obtained by the state under subsection IX(c)(1) of the master settlement agreement 
N.D.C.C. § 54-27-25,23934,under,ix(c)(1,"Philip Morris, Inc. Moneys received by the state under subsection IX(c)(1) must be deposited in the fund. Mone"
N.D.C.C. § 54-34.4-05,24007,in,,ing that may be used to promote the policies listed in section
N.D.C.C. § 54-40-03,24138,in,, and interest fund for the county bonds as provided in section
N.D.C.C. § 54-44.4-02,24213,under,,d budget or as a cooperative purchasing contract under section
N.D.C.C. § 54-44.8-05,24260,of,,rvice that fulfills the requirement of subsection 2 of section
N.D.C.C. § 54-46.1-01,24296,by,,ency to use the services of a contractor as allowed by section
N.D.C.C. § 54-52.1-03.2,24335,to,education, in the public employees retirement system pursuant to section education who elect to participate in the publi
N.D.C.C. § 54-52.1-03.2,24335,under,the,on the first of the month following the transfer under section  the state board for career and technical educa
N.D.C.C. § 54-52.1-03.3,24336,under,the, program established by job service North Dakota under section the plan provisions of that retirement program 
N.D.C.C. § 54-52.1-04.9,24348,under,,6. The board shall receive bids for this program under section
N.D.C.C. § 54-52.1-06,24361,to,,led in the uniform group insurance program pursuant to section
N.D.C.C. § 54-52.1-13,24372,to,, 54-52.1-04 or under a self-insurance plan pursuant to section
N.D.C.C. § 54-52.2-03.4,24384,under,expenses,ds from the payroll clearing account established under section expenses. 2. All money in the payroll clearing 
N.D.C.C. § 54-52.6-15,24435,under,chapter,rovide information to employees who are eligible under section chapter. The information must include at a mini
N.D.C.C. § 54-52-01,24444,under,,rement to the public employees retirement system under section
N.D.C.C. § 54-52-06,24464,to,appropriated,"onthly, or in the case of an election made pursuant to section appropriated for payroll and salary or any othe"
N.D.C.C. § 54-52-17.4,24490,under,this, to the retiree health benefits fund established under section This contribution must be recorded as a member 
N.D.C.C. § 54-52-17.4,24490,to,, must be recorded as a member contribution pursuant to section
N.D.C.C. § 54-54-08.2,24528,to,, investment of those funds can be expended pursuant to section
N.D.C.C. § 54-57-03,24539,to,resources,"nt to chapter 28-32. But, appeals hearings pursuant to section resources pursuant to chapter 61-32 must be con"
N.D.C.C. § 54-57-04,24541,under,hearings,shall comply with the duties of hearing officers under section hearings of administrative agencies not under c
N.D.C.C. § 54-57-07,24544,under,,als and lodging must be in the amounts allowable under section
N.D.C.C. § 54-59-16,24575,by,or,"nvolved. Except for a request for access authorized by section or 54-59-13, the department shall refer a reque"
N.D.C.C. § 54-59-20,24579,with,, to a criminal history record check in accordance with section
N.D.C.C. § 55-05-01,24768,of,twenty-five,"arter, and lots numbered one, two, three, and four, of section twenty-five in township one hundred sixty-four "
N.D.C.C. § 55-05-01,24768,of,twenty-five," tract or parcel of land lying and being in lot one of section twenty-five, township one hundred sixty-four no"
N.D.C.C. § 55-05-01,24768,of,thirty-six," and being in Rolette County, North Dakota. And all of section thirty-six, in township one hundred sixty-four "
N.D.C.C. § 57-02.3-01,24873,under,,uding a mortgage assigned to the state treasurer under section
N.D.C.C. § 57-02-02,24887,of,and," to designate the township, range, section, or part of section, and the number of a lot or block. 2. Whenever "
N.D.C.C. § 57-02-02,24887,with,numbers," and whenever said letters are used in connection with section numbers to designate land descriptions, and in "
N.D.C.C. § 57-02-08,24894,in,provisions,"is subsection, ""homestead"" has the meaning provided in section provisions of this subsection whether or not th"
N.D.C.C. § 57-02-08.3,24897,in,person's, qualified for the property tax credit provided for in section person's homestead for the portion of any speci
N.D.C.C. § 57-02-08.5,24899,under,,de under this section unless property was exempt under section
N.D.C.C. § 57-02-08.10,24904,under,c, which applicants qualify for the credit allowed under section c. Provide to each county auditor: (1) A copy o
N.D.C.C. § 57-02-27.2,24936,under,commissioner,ach quarter from the state aid distribution fund under section commissioner certifies to the state treasurer t
N.D.C.C. § 57-05-05,24969,of,and,"rights of way and sidetracks, showing on which side of section and other lines its property is located in each"
N.D.C.C. § 57-06-17.2,24997,in,pipeline,"ayments, carbon dioxide pipeline property described in section pipeline valuations are certified. The county a"
N.D.C.C. § 57-15-10,25088,with,taxes,or more of the electors of the city in accordance with section Taxes levied for a capital improvements fund ap
N.D.C.C. § 57-15-10,25088,under,until,"tirement of bonds issued before January 1, 2015, under section until the bonds are retired. 16. Levies dedicat"
N.D.C.C. § 57-15-16,25105,to,,on must be allocated by the governing body pursuant to section
N.D.C.C. § 57-15-50,25172,to,, levied under this section and distributed pursuant to section
N.D.C.C. § 57-20-21.1,25228,in,delinquent,he discounts applicable to payment of taxes set out in section delinquent.
N.D.C.C. § 57-28-12,25316,under,,taxing district may appeal to the district court under section
N.D.C.C. § 57-33.2-19,25375,of,taxing,", the capacity tax in subdivision a of subsection 1 of section taxing district. The electricity output for the"
N.D.C.C. § 57-38-01.3,25526,under,i,ualified real estate investment trust subsidiary under subsection i of section 856 of the Internal Revenue Cod
N.D.C.C. § 57-38-01.21,25544,by,aggregate,ual is allowed a tax credit against the tax imposed by section aggregate amount of the charitable gift portion
N.D.C.C. § 57-38-01.21,25544,by,equal,ual is allowed a tax credit against the tax imposed by section equal to forty percent of the charitable gift. 
N.D.C.C. § 57-38-01.21,25544,by,taxable,m their share of the credit against the tax imposed by section taxable year in which the taxable year of the e
N.D.C.C. § 57-38-01.22,25545,under,green,led to a credit against tax liability determined under section green diesel fuel of at least five percent blen
N.D.C.C. § 57-38-30.3,25610,under,federal,amount of the contribution upon which the credit under section federal taxable income. k. Reduced by the amoun
N.D.C.C. § 57-38-30.3,25610,under,,s only if the employer is entitled to the credit under section
N.D.C.C. § 57-38-60,25658,under,, employees during the preceding calendar quarter under section
N.D.C.C. § 57-39.2-04,25702,under,,strict that has filed a certificate of existence under section
N.D.C.C. § 57-39.2-26.4,25760,under,a,f tangible property eligible for a tax exemption under section a. The county or city is levying a local sales 
N.D.C.C. § 57-39.4-33,25802,of,on,igning taxing jurisdictions under subsection 7 or 8 of section on the database provided by the member state un
N.D.C.C. § 57-40.2-06,25840,to,,gned to the contractor by the commissioner pursuant to section
N.D.C.C. § 57-40.2-07,25841,in,,n or to pay the tax imposed must be that prescribed in section
N.D.C.C. § 57-40.3-04,25861,under,imposed, that the lessor has paid either the tax imposed under section imposed by chapter 57-40.2. 7. Any motor vehicl
N.D.C.C. § 57-40.3-04,25861,of,, transportation under subdivision o of subsection 2 of section
N.D.C.C. § 57-40.6-03,25891,under,under,rovisions of section 57-40.6-14. The fee imposed under section under section 57-40.6-02.
N.D.C.C. § 57-43.2-02.3,25974,by,, consumer and is subject instead to the tax imposed by section
N.D.C.C. § 57-43.2-03,25975,by,, consumer and is subject instead to the tax imposed by section
N.D.C.C. § 57-43.2-19,26008,under,must, collected on sales of diesel fuel to a railroad under section must be transferred to the state treasurer who 
N.D.C.C. § 57-45-05,26070,under,,s as provided in this title may file a complaint under section
N.D.C.C. § 57-51.1-07.7,26102,of,start,f less than five million dollars under subsection 2 of section start of each biennium. 6. From the funding ide
N.D.C.C. § 57-51.1-07.8,26103,of,start,"f less than five million dollars under subsection 2 of section start of each biennium. c. ""Road and bridge inf"
N.D.C.C. § 57-55-01,26144,in,subsections,"length, and includes a manufactured home as defined in section subsections 1 through 3 of section 39-05-35, as"
N.D.C.C. § 57-55-01.2,26146,under,for,chased a mobile home and is applying for a title under section for the mobile home. The director of the depart
N.D.C.C. § 57-55-10,26156,of,d, spouse who meets the requirements of subsection 20 of section d. If it is owned and used as living quarters b
N.D.C.C. § 57-60-02,26179,in,,d entirely to the county for allocation as provided in section
N.D.C.C. § 57-60-02.2,26182,under,tax,empt from eighty-five percent of the tax imposed under section tax imposed under section 57-60-02 multiplied b
N.D.C.C. § 57-61-01.4,26201,of,a,ty processing facilities as defined in subsection 4 of section a political subdivision of the state. No state 
N.D.C.C. § 57-61-01.7,26204,under,mined,"o seventy percent of the severance taxes imposed under section mined. The board of county commissioners, by re"
N.D.C.C. § 58-02-23,26283,in,,on appeal in accordance with the procedure provided in section
N.D.C.C. § 59-04.2-25,26464,of,f,"a policy of insurance not described in subsection 4 of section f. Estate, inheritance, and other transfer taxe"
N.D.C.C. § 6-01-04.3,26650,by,g,g of inaccurate or misleading call reports required by section g. Violations of loan limitations under subsect
N.D.C.C. § 6-05-04.1,26819,in,making,he department of financial institutions as provided in section making any transfer or deposit of money or prop
N.D.C.C. § 6-05-15.2,26834,of,common,"with the provisions of this section, the provisions of section common trust funds under this section."
N.D.C.C. § 6-06.2-09,26865,in,commissioner,ommissioner an organization certificate as required in section commissioner. c. Obtain approval from the state
N.D.C.C. § 6-07.2-01,26943,under,n,failed to pay the fees charged by the department under section n. The institution's board of directors request
N.D.C.C. § 6-09-54,27253,to,behalf,program. The fund must be audited annually pursuant to section behalf of the fund must be paid from the fund.
N.D.C.C. § 61-02.1-04,27375,to,legislative,st on bonds issued for projects authorized pursuant to section legislative assembly from the resources trust f
N.D.C.C. § 61-02-14.4,27402,under,available,yover project included in a report be terminated under section available for projects with the same general pu
N.D.C.C. § 61-04.1-11,27543,under,expire,professional weather modification license issued under section expire on December thirty-first of the year of 
N.D.C.C. § 61-04-05.1,27588,of,,he department of water resources under subsection 5 of section
N.D.C.C. § 61-06-21,27670,by,meetings,of each year. The board by rule or bylaw authorized by section meetings as it shall deem needed. The board als
N.D.C.C. § 61-07-14,27687,of,not,States - Provisions of section not a limitation. Any irrigation district organ
N.D.C.C. § 61-12-40,27862,in,," to the date of the sale of said bonds, as provided in section"
N.D.C.C. § 61-16.1-34,27944,in,,he manner and subject to the limitations prescribed in section
N.D.C.C. § 61-24.8-22,28155,by,, amount of revenues on deposit in the fund required by section
N.D.C.C. § 61-29-03,28238,in,thirty-four," as the bridge crossing of state highway twenty-two in section thirty-four, range ninety-five west, township o"
N.D.C.C. § 61-35-22,28311,under,the, the department of water resources of a petition under section The department may hold a hearing on the petiti
N.D.C.C. § 61-35-84,28377,in,,he manner and subject to the limitations prescribed in section
N.D.C.C. § 64-03-12,28554,under,destroy,om any weighing or measuring device is delivered under section destroy it or deliver it to the state's attorne
N.D.C.C. § 65-01-15,28574,by,officer,for an exposure to a bloodborne pathogen as defined by section officer who uses tobacco is not eligible for th
N.D.C.C. § 65-02-20,28611,or,, under this section is not subject to chapter 28-32 or section
N.D.C.C. § 65-04-15,28660,of,," except as otherwise allowed by law, is a violation of section"
N.D.C.C. § 65-04-29,28684,under,under,rying on any employment not defined as hazardous under section under this chapter is covered under the fund an
N.D.C.C. § 65-05.1-01,28689,to,,eeks of temporary total disability allowed pursuant to section
N.D.C.C. § 65-05.1-04,28693,of,occupation,riate rehabilitation option under subsection 4 or 6 of section occupation that is suited to the employee's edu
N.D.C.C. § 65-05.1-06.1,28696,of,organization,iority option is subdivision e or f of subsection 4 of section organization may award an additional award. The
N.D.C.C. § 65-05.2-02,28702,under,supplementary, claim has been accepted on an aggravation basis under section supplementary benefit must be proportionally ca
N.D.C.C. § 65-05-01.4,28709,to,,port of notice of injury on its own motion pursuant to section
N.D.C.C. § 65-05-10,28730,in,verified,benefits in cases of catastrophic injury as defined in section verified by clear and convincing objective medi
N.D.C.C. § 65-05-21,28745,of,weeks,"s compensation under the provisions of subsection 1 of section weeks' compensation. If, prior to such marriage"
N.D.C.C. § 65-06.2-08,28777,under,organization, safety and insurance account for state entities under section organization shall determine and the risk manag
N.D.C.C. § 65-08.1-02,28795,with,,uest considered by the budget section must comply with section
